{"credit":"Made with Blockbench","texture_size":[128,128],"textures":{"2":"sleigh_bell_sprint:bifssleighbellsprintphotoop","particle":"sleigh_bell_sprint:bifssleighbellsprintphotoop"},"elements":[{"from":[19,-8,0],"to":[26,15,1],"rotation":{"angle":0,"axis":"y","origin":[8,32,1]},"faces":{"north":{"uv":[8.40625,3.375,9.28125,6.25],"texture":"#2"},"east":{"uv":[7.5,0,7.625,2.875],"texture":"#2"},"south":{"uv":[2.375,5.1875,3.25,6.9375],"texture":"#2"},"west":{"uv":[7.5,5,7.625,7.875],"texture":"#2"},"up":{"uv":[9.15625,2.90625,8.875,3.03125],"texture":"#2"},"down":{"uv":[7.6875,7.40625,6.8125,7.4375],"texture":"#2"}}},{"from":[19,22,0],"to":[26,32,1],"rotation":{"angle":0,"axis":"y","origin":[18,24,0]},"faces":{"north":{"uv":[8.4375,1.25,9.3125,2.5],"texture":"#2"},"east":{"uv":[7.75,6.625,7.875,7.875],"texture":"#2"},"south":{"uv":[3.71875,0.375,4.59375,1.625],"texture":"#2"},"west":{"uv":[7.875,0,8,1.25],"texture":"#2"},"up":{"uv":[8.59375,1.25,7.71875,1.125],"texture":"#2"},"down":{"uv":[8.5,3.8125,8.40625,3.9375],"texture":"#2"}}},{"from":[5,-8,0],"to":[12,9,1],"rotation":{"angle":0,"axis":"y","origin":[4,-8,0]},"faces":{"north":{"uv":[10.1875,4.125,11.0625,6.25],"texture":"#2"},"east":{"uv":[7.625,5.75,7.75,7.875],"texture":"#2"},"south":{"uv":[5.25,0,6.125,2.125],"texture":"#2"},"west":{"uv":[7.75,0,7.875,2.125],"texture":"#2"},"up":{"uv":[10.96875,3.96875,10.09375,3.84375],"texture":"#2"},"down":{"uv":[9.4375,6.96875,8.5625,7.09375],"texture":"#2"}}},{"from":[-2,-8,0],"to":[5,32,1],"rotation":{"angle":0,"axis":"y","origin":[-10,0,0]},"faces":{"north":{"uv":[11.0625,1.25,11.9375,6.25],"texture":"#2"},"east":{"uv":[10.5625,3.46875,10.75,3.75],"texture":"#2"},"south":{"uv":[0.875,0,1.75,5],"texture":"#2"},"west":{"uv":[7,5,7.125,10],"texture":"#2"},"up":{"uv":[4.53125,0.15625,3.65625,0.03125],"texture":"#2"},"down":{"uv":[8.65625,6.46875,7.78125,6.59375],"texture":"#2"}}},{"from":[26,-8,0],"to":[32,32,1],"rotation":{"angle":0,"axis":"y","origin":[18,0,0]},"faces":{"north":{"uv":[7.6875,1.25,8.4375,6.25],"texture":"#2"},"east":{"uv":[7.5625,1.15625,7.6875,6.15625],"texture":"#2"},"south":{"uv":[0.25,5.5,0.78125,7.875],"texture":"#2"},"west":{"uv":[8.8125,2.9375,8.9375,3.09375],"texture":"#2"},"up":{"uv":[8.5,1.21875,7.75,1.09375],"texture":"#2"},"down":{"uv":[7.1875,6.5,7.9375,6.59375],"texture":"#2"}}},{"from":[-16,-8,0],"to":[-9,32,1],"rotation":{"angle":0,"axis":"y","origin":[-25,0,0]},"faces":{"north":{"uv":[12.8125,1.25,13.6875,6.25],"texture":"#2"},"east":{"uv":[5.125,7.125,5.25,12.125],"texture":"#2"},"south":{"uv":[2.625,0,3.5,5],"texture":"#2"},"west":{"uv":[13.6875,1.21875,13.78125,6.21875],"texture":"#2"},"up":{"uv":[5.34375,0.125,4.46875,0],"texture":"#2"},"down":{"uv":[8.84375,6.5625,7.96875,6.6875],"texture":"#2"}}},{"from":[12,-8,0],"to":[19,32,1],"rotation":{"angle":0,"axis":"y","origin":[4,0,0]},"faces":{"north":{"uv":[9.3125,1.25,10.1875,6.25],"texture":"#2"},"east":{"uv":[8.96875,2.875,8.875,3.21875],"texture":"#2"},"south":{"uv":[4.375,0,5.25,5],"texture":"#2"},"west":{"uv":[11.03125,3.5,10.15625,3.96875],"texture":"#2"},"up":{"uv":[4.0625,0.15625,3.1875,0.03125],"texture":"#2"},"down":{"uv":[8.4375,6.59375,7.5625,6.71875],"texture":"#2"}}},{"from":[5,16,0],"to":[12,32,1],"rotation":{"angle":0,"axis":"y","origin":[4,18,0]},"faces":{"north":{"uv":[10.1875,1.25,11.0625,3.25],"texture":"#2"},"east":{"uv":[7.75,2.125,7.875,4.125],"texture":"#2"},"south":{"uv":[3.9375,1.5,4.8125,3.5],"texture":"#2"},"west":{"uv":[7.75,4.125,7.875,6.125],"texture":"#2"},"up":{"uv":[4.5,0.5,3.625,0.375],"texture":"#2"},"down":{"uv":[11.03125,3.59375,10.15625,3.71875],"texture":"#2"}}},{"from":[-9,22,0],"to":[-2,32,1],"rotation":{"angle":0,"axis":"y","origin":[-11,24,0]},"faces":{"north":{"uv":[11.9375,1.25,12.8125,2.5],"texture":"#2"},"east":{"uv":[7.875,1.25,8,2.5],"texture":"#2"},"south":{"uv":[4.46875,0.65625,5.34375,1.90625],"texture":"#2"},"west":{"uv":[1.5,7.875,1.625,9.125],"texture":"#2"},"up":{"uv":[5.1875,0.1875,4.3125,0.0625],"texture":"#2"},"down":{"uv":[12.03125,3.53125,12.09375,3.625],"texture":"#2"}}},{"from":[-9,-8,0],"to":[-2,15,1],"rotation":{"angle":0,"axis":"y","origin":[-21,32,1]},"faces":{"north":{"uv":[11.9375,3.375,12.8125,6.25],"texture":"#2"},"east":{"uv":[7.625,0,7.75,2.875],"texture":"#2"},"south":{"uv":[4.125,5.4375,5,7.5],"texture":"#2"},"west":{"uv":[7.625,2.875,7.75,5.75],"texture":"#2"},"up":{"uv":[12.125,3.65625,12,3.5],"texture":"#2"},"down":{"uv":[8.6875,6.625,7.8125,6.75],"texture":"#2"}}},{"from":[-15,-8,1],"to":[-13,32,2],"rotation":{"angle":0,"axis":"y","origin":[-25,0,1]},"faces":{"north":{"uv":[5.875,6.125,6.125,11.125],"texture":"#2"},"east":{"uv":[6.1875,0,6.3125,5],"texture":"#2"},"south":{"uv":[6.15625,0,6.40625,5],"texture":"#2"},"west":{"uv":[6.15625,0,6.28125,5],"texture":"#2"},"up":{"uv":[6.40625,5,6.15625,4.875],"texture":"#2"},"down":{"uv":[6.40625,4.78125,6.15625,4.90625],"texture":"#2"}}},{"from":[29,-8,1],"to":[31,32,2],"rotation":{"angle":0,"axis":"y","origin":[19,0,1]},"faces":{"north":{"uv":[6.375,6.125,6.625,11.125],"texture":"#2"},"east":{"uv":[6.15625,0,6.28125,5],"texture":"#2"},"south":{"uv":[6.15625,0,6.40625,5],"texture":"#2"},"west":{"uv":[6.21875,0,6.34375,5],"texture":"#2"},"up":{"uv":[6.65625,1.75,6.4375,1.625],"texture":"#2"},"down":{"uv":[6.40625,4.875,6.15625,5],"texture":"#2"}}},{"from":[-15,-8,2],"to":[-13,-7,16],"rotation":{"angle":0,"axis":"y","origin":[-25,-7,10]},"faces":{"north":{"uv":[5.25,4.625,5.5,4.75],"texture":"#2"},"east":{"uv":[3.59375,5.125,5.34375,5.25],"texture":"#2"},"south":{"uv":[6.4375,1.625,6.6875,1.75],"texture":"#2"},"west":{"uv":[3.59375,5.125,5.34375,5.25],"texture":"#2"},"up":{"uv":[6.6875,1.75,6.4375,0],"texture":"#2"},"down":{"uv":[6.6875,0,6.4375,1.75],"texture":"#2"}}},{"from":[29,-8,2],"to":[31,-7,16],"rotation":{"angle":0,"axis":"y","origin":[19,-7,10]},"faces":{"north":{"uv":[5.25,4.875,5.5,5],"texture":"#2"},"east":{"uv":[3.59375,5.125,5.34375,5.25],"texture":"#2"},"south":{"uv":[6.4375,1.625,6.6875,1.75],"texture":"#2"},"west":{"uv":[3.59375,5.125,5.34375,5.25],"texture":"#2"},"up":{"uv":[6.6875,1.75,6.4375,0],"texture":"#2"},"down":{"uv":[6.6875,0,6.4375,1.75],"texture":"#2"}}}],"gui_light":"front","display":{"thirdperson_righthand":{"rotation":[90,0,0],"scale":[0.11,0.11,0.11]},"thirdperson_lefthand":{"rotation":[90,0,0],"scale":[0.11,0.11,0.11]},"firstperson_righthand":{"rotation":[0,163,0],"translation":[1.75,2.25,0],"scale":[0.13,0.13,0.13]},"firstperson_lefthand":{"rotation":[0,163,0],"translation":[1.75,2.25,0],"scale":[0.13,0.13,0.13]},"gui":{"rotation":[0,180,0],"translation":[0,-1.25,0],"scale":[0.3,0.3,0.3]},"head":{"translation":[0,-30.4,0],"scale":[1.6,1.6,1.6]},"fixed":{"rotation":[-90,0,0],"translation":[0,12.25,-32],"scale":[2,2,2]}}}