{"parent":"minecraft:item/generated","textures":{"layer0":"minecraft:item/paper"},"overrides":[{"predicate":{"custom_model_data":10348},"model":"_iainternal:ia_auto_gen/icon_left_blue"},{"predicate":{"custom_model_data":10349},"model":"_iainternal:ia_auto_gen/icon_right_blue"},{"predicate":{"custom_model_data":10350},"model":"_iainternal:ia_auto_gen/icon_search"},{"predicate":{"custom_model_data":10351},"model":"_iainternal:ia_auto_gen/icon_cancel"},{"predicate":{"custom_model_data":10352},"model":"_iainternal:ia_auto_gen/icon_arrow_chest"},{"predicate":{"custom_model_data":10353},"model":"_iainternal:ia_auto_gen/icon_back_orange"},{"predicate":{"custom_model_data":10354},"model":"_iainternal:ia_auto_gen/icon_next_orange"},{"predicate":{"custom_model_data":14091},"model":"sleigh_bell_sprint:sbsphotoboard"},{"predicate":{"custom_model_data":14092},"model":"item/paper"}]}