{
	"credit": "Made with Blockbench",
	"ambientocclusion": false,
	"texture_size": [32, 32],
	"textures": {
		"1": "shield/gingerbread_shield",
		"2": "shield/gingerbread_shield_back",
		"3": "shield/crveni",
		"4": "shield/zelena",
		"7": "shield/drska",
		"8": "shield/ruka",
		"particle": "shield/gingerbread_shield"
	},
	"elements": [
		{
			"name": "l_noga",
			"from": [6, 4.54331, 1.4267],
			"to": [8, 12.54331, 6.4267],
			"rotation": {"angle": 22.5, "axis": "x", "origin": [7, 6, 4.75]},
			"faces": {
				"north": {"uv": [8, 5, 9, 12], "texture": "#1"},
				"east": {"uv": [8, 5, 12, 12], "texture": "#1"},
				"south": {"uv": [11, 5, 12, 12], "texture": "#1"},
				"west": {"uv": [8, 5, 12, 12], "texture": "#1"},
				"up": {"uv": [9, 5, 11, 6], "texture": "#1"},
				"down": {"uv": [8, 11, 12, 12], "texture": "#1"}
			}
		},
		{
			"name": "d_noga",
			"from": [6, 4.37504, 9.98466],
			"to": [8, 12.37504, 14.98466],
			"rotation": {"angle": -22.5, "axis": "x", "origin": [6, 7, 11.75]},
			"faces": {
				"north": {"uv": [8, 5, 9, 12], "texture": "#1"},
				"east": {"uv": [8, 5, 12, 12], "texture": "#1"},
				"south": {"uv": [11, 5, 12, 12], "texture": "#1"},
				"west": {"uv": [8, 5, 12, 12], "texture": "#1"},
				"up": {"uv": [9, 5, 11, 6], "texture": "#1"},
				"down": {"uv": [8, 11, 12, 12], "texture": "#1"}
			}
		},
		{
			"name": "gloova",
			"from": [6, 25, 4],
			"to": [8, 32, 13],
			"rotation": {"angle": 0, "axis": "y", "origin": [6, 28, 9]},
			"faces": {
				"north": {"uv": [6, 0, 7, 6], "texture": "#1"},
				"east": {"uv": [0, 0, 7, 5], "texture": "#2"},
				"south": {"uv": [0, 0, 1, 6], "texture": "#1"},
				"west": {"uv": [0, 0, 7, 6], "texture": "#1"},
				"up": {"uv": [0, 0, 7, 1], "texture": "#2"},
				"down": {"uv": [8, 12, 15, 13], "texture": "#1"}
			}
		},
		{
			"name": "l_ruka",
			"from": [6, 19, 13],
			"to": [8, 25, 22],
			"rotation": {"angle": 0, "axis": "y", "origin": [6, 20, 16]},
			"faces": {
				"north": {"uv": [0, 5, 1, 7.5], "texture": "#8"},
				"east": {"uv": [0, 0, 4.5, 2.5], "texture": "#8"},
				"south": {"uv": [1, 5, 2, 7.5], "texture": "#8"},
				"west": {"uv": [0, 2.5, 4.5, 5], "texture": "#8"},
				"up": {"uv": [5.5, 4.5, 4.5, 0], "texture": "#8"},
				"down": {"uv": [5.5, 4.5, 4.5, 9], "texture": "#8"}
			}
		},
		{
			"name": "d_ruka",
			"from": [6, 19, -5],
			"to": [8, 25, 4],
			"rotation": {"angle": 0, "axis": "y", "origin": [6, 20, 16]},
			"faces": {
				"north": {"uv": [1, 5, 2, 7.5], "texture": "#8"},
				"east": {"uv": [0, 2.5, 4.5, 5], "texture": "#8"},
				"south": {"uv": [0, 5, 1, 7.5], "texture": "#8"},
				"west": {"uv": [0, 0, 4.5, 2.5], "texture": "#8"},
				"up": {"uv": [5.5, 4.5, 4.5, 0], "rotation": 180, "texture": "#8"},
				"down": {"uv": [5.5, 4.5, 4.5, 9], "rotation": 180, "texture": "#8"}
			}
		},
		{
			"name": "prsa",
			"from": [6, 12, 4],
			"to": [8, 25, 13],
			"rotation": {"angle": 0, "axis": "y", "origin": [7, 17, 11]},
			"faces": {
				"north": {"uv": [7, 8, 8, 16], "texture": "#1"},
				"east": {"uv": [0, 5, 8, 16], "texture": "#2"},
				"south": {"uv": [0, 8, 1, 16], "texture": "#1"},
				"west": {"uv": [0, 5, 8, 16], "texture": "#1"},
				"up": {"uv": [8, 11, 13, 12], "texture": "#1"},
				"down": {"uv": [8, 11, 14, 13], "texture": "#1"}
			}
		},
		{
			"from": [5, 21, 7],
			"to": [6, 24, 10],
			"rotation": {"angle": 0, "axis": "y", "origin": [6, 22, 9]},
			"faces": {
				"north": {"uv": [0, 6, 1, 9], "texture": "#3"},
				"east": {"uv": [0, 0, 3, 3], "texture": "#3"},
				"south": {"uv": [6, 0, 7, 3], "texture": "#3"},
				"west": {"uv": [0, 3, 3, 6], "texture": "#3"},
				"up": {"uv": [2, 9, 1, 6], "texture": "#3"},
				"down": {"uv": [3, 6, 2, 9], "texture": "#3"}
			}
		},
		{
			"from": [5, 17, 7],
			"to": [6, 20, 10],
			"rotation": {"angle": 0, "axis": "y", "origin": [8, 16, 9]},
			"faces": {
				"north": {"uv": [3, 0, 4, 3], "texture": "#4"},
				"east": {"uv": [0, 0, 3, 3], "texture": "#4"},
				"south": {"uv": [3, 3, 4, 6], "texture": "#4"},
				"west": {"uv": [0, 3, 3, 6], "texture": "#4"},
				"up": {"uv": [5, 3, 4, 0], "texture": "#4"},
				"down": {"uv": [5, 3, 4, 6], "texture": "#4"}
			}
		},
		{
			"from": [5, 13, 7],
			"to": [6, 16, 10],
			"rotation": {"angle": 0, "axis": "y", "origin": [6, 14, 9]},
			"faces": {
				"north": {"uv": [3, 6, 4, 9], "texture": "#3"},
				"east": {"uv": [3, 0, 6, 3], "texture": "#3"},
				"south": {"uv": [6, 3, 7, 6], "texture": "#3"},
				"west": {"uv": [3, 3, 6, 6], "texture": "#3"},
				"up": {"uv": [5, 9, 4, 6], "texture": "#3"},
				"down": {"uv": [6, 6, 5, 9], "texture": "#3"}
			}
		},
		{
			"from": [8, 17, 7],
			"to": [12, 18, 10],
			"rotation": {"angle": 0, "axis": "y", "origin": [8, 18, 9]},
			"faces": {
				"north": {"uv": [1, 9, 5, 10], "texture": "#7"},
				"east": {"uv": [5, 9, 8, 10], "texture": "#7"},
				"south": {"uv": [9, 6, 13, 7], "texture": "#7"},
				"west": {"uv": [9, 9, 12, 10], "texture": "#7"},
				"up": {"uv": [4, 9, 0, 6], "texture": "#7"},
				"down": {"uv": [10, 0, 6, 3], "texture": "#7"}
			}
		},
		{
			"from": [8, 22, 7],
			"to": [12, 23, 10],
			"rotation": {"angle": 0, "axis": "y", "origin": [8, 23, 9]},
			"faces": {
				"north": {"uv": [9, 7, 13, 8], "texture": "#7"},
				"east": {"uv": [2, 10, 5, 11], "texture": "#7"},
				"south": {"uv": [9, 8, 13, 9], "texture": "#7"},
				"west": {"uv": [10, 3, 13, 4], "texture": "#7"},
				"up": {"uv": [10, 6, 6, 3], "texture": "#7"},
				"down": {"uv": [8, 6, 4, 9], "texture": "#7"}
			}
		},
		{
			"from": [12, 17, 7],
			"to": [13, 23, 10],
			"rotation": {"angle": 0, "axis": "y", "origin": [11, 20, 9]},
			"faces": {
				"north": {"uv": [8, 6, 9, 12], "texture": "#7"},
				"east": {"uv": [0, 0, 3, 6], "texture": "#7"},
				"south": {"uv": [0, 9, 1, 15], "texture": "#7"},
				"west": {"uv": [3, 0, 6, 6], "texture": "#7"},
				"up": {"uv": [11, 3, 10, 0], "texture": "#7"},
				"down": {"uv": [2, 10, 1, 13], "texture": "#7"}
			}
		}
	],
	"display": {
		"thirdperson_righthand": {
			"rotation": [175.82, 1.5, -178.93],
			"translation": [1.25, -14.5, 4.25]
		},
		"thirdperson_lefthand": {
			"rotation": [-0.1, 1.22, -0.78],
			"translation": [1.25, -14.5, 3.5]
		},
		"firstperson_righthand": {
			"rotation": [1, -85, 0],
			"translation": [5, -21, 0]
		},
		"firstperson_lefthand": {
			"rotation": [0, 86, 4],
			"translation": [2.5, -20, 0]
		},
		"ground": {
			"translation": [0.75, 0.75, 0],
			"scale": [0.64453, 0.3457, 0.41016]
		},
		"gui": {
			"rotation": [4.66, 67.11, -14.25],
			"translation": [0, -5.25, 0],
			"scale": [1, 0.50195, 0.52539]
		},
		"head": {
			"rotation": [0, -89, 0],
			"translation": [1, 10.75, 0]
		},
		"fixed": {
			"rotation": [180, -88.25, 180],
			"translation": [0, -7.75, 0],
			"scale": [1, 0.74219, 0.70117]
		}
	},
	"groups": [
		{
			"name": "stit",
			"origin": [0, 0, 0],
			"color": 0,
			"boneType": "",
			"children": []
		},
		0,
		1,
		2,
		3,
		4,
		5,
		{
			"name": "lampe",
			"origin": [0, 0, 0],
			"color": 0,
			"boneType": "",
			"children": [6, 7, 8]
		},
		{
			"name": "drska",
			"origin": [0, 0, 0],
			"color": 0,
			"boneType": "",
			"children": [9, 10, 11]
		}
	]
}